"","Sp.id","DIC","K.s","r.max","R.jag","R.mth"
"1","Synechococcus",13.2601133924652,6.63311816257194,0.310384887630062,3,3.15284916007633
"2","Kirchneriella_subcapitata",12.0681100850562,0.360186327728286,0.541023516064327,1,0.0816705492130153
"3","Microcystis_aeruginosa",-24.2120395846758,4.72976147557788,0.177642644839046,6,6.091705769919
"4","Pediastrum_boryanum",-31.7292930068448,0.603992829085255,0.371503231659803,1,0.222462482451062
"5","Cyclotella_meneghiniana",49.1439116376852,3.69335481467452,0.479030457647607,1,0.97442164347339
"6","Scenedesmus_acuminatus",-20.7009205241764,0.173157790961259,0.59429221682556,1,0.0350314621729858
"7","Chlamydomonas_reinhardtii",8.62864742856271,2.41401545255997,0.960826807384438,1,0.280429864852233
