"","Sp.id","DIC","T.min.raw","T.max.raw","T.br.raw","T.opt.raw","r.max.raw"
"1","Ankistrodesmus",-3.99867871580455,10,35.5,23.5,30.5,1.27803961621398
"2","Chlamydomonas",26.6848436684343,10,36.6,26.1,28.8,1.73159280883057
"3","Chlorella",20.9305001771001,11.3,36.9,15.2,32.5,2.85125660089563
"4","Monoraphidium",22.2283537747651,10,36,16.1,33.5,1.84553274042528
"5","Scenedesmus",45.5763454533311,10,40.2,28.9,31.1,1.46017387844463
"6","Raphidocelis",29.5850373897233,10,36.9,24.8,26.9,1.4243141087324
