"","Sp.id","DIC","K.s","r.max","R.jag","R.mth"
"1","Synechococcus",12.9913038436294,6.66215459815649,0.309566298222418,NA,-14.8973822152782
"2","Kirchneriella_subcapitata",12.2135413376792,0.367292429394751,0.540702229426777,NA,-10.6584208616542
"3","Microcystis_aeruginosa",-23.9004101947775,4.75100005972836,0.176485413411769,NA,-6.93731119099377
"4","Pediastrum_boryanum",-31.4999531397918,0.589557841620966,0.370137865755896,NA,-1.73890593099131
"5","Cyclotella_meneghiniana",48.9939652490861,3.79287038859224,0.478227469509584,NA,-25.9745834557559
"6","Scenedesmus_acuminatus",-20.4379190667189,0.177799114281035,0.593488415757959,3,2.97319242322519
"7","Chlamydomonas_reinhardtii",8.50096638305874,2.4284689071181,0.965030884941333,2.5,3.35762688364646
