"","Sp.id","DIC","K.s","r.max","R.jag","R.mth"
"1","Synechococcus",6.30477586853372,8.30451512109221,0.613800188741741,87,86.4407463352166
"2","Kirchneriella_subcapitata",-53.4711923092744,8.30221721307783,0.58682327815951,NA,173.328614484625
"3","Microcystis_aeruginosa",-51.0639094349609,6.0493981193239,0.221611868987297,NA,-10.0111754412988
"4","Pediastrum_boryanum",-32.0182484368704,8.29477979339007,0.442887306247501,NA,-39.6633066447531
"5","Cyclotella_meneghiniana",36.2786173376834,7.09338550206656,0.513025924643746,NA,-84.5635779103935
"6","Scenedesmus_acuminatus",-48.8318818198283,9.3743108853403,0.629134794281109,76.2,75.9330254812811
"7","Chlamydomonas_reinhardtii",4.58050268915165,7.91612087316309,1.09476442276373,8.4,8.2896832703659
