"","Sp.id","Sp.name","T.min","T.max","T.opt","r.max","T.br"
"1",1,"Synechococcus",4.12134580648778,38.313320020945,28.8245092071837,0.78574014666409,20.2098305601074
"2",2,"Kirchneriella_subcapitata",11.638796189106,36.4714933601072,28.1026410368226,0.671494450330748,16.1411926799298
"3",3,"Microcystis_aeruginosa",12.9183300896161,35.0641443753557,27.6683799150919,0.39310608413037,14.3367485808773
"4",4,"Pediastrum_boryanum",7.69204924063249,36.4253302965927,26.9804075357215,0.63864126047243,18.4902990294164
"5",5,"Cyclotella_meneghiniana",15.300404160852,34.4247375976265,28.2333827909044,0.829342408821215,12.2187145498917
"6",6,"Scenedesmus_acuminatus",7.10595172412651,34.9456700955033,25.7354768643203,0.764337500355885,18.0020574528357
