"","Sp.id","Sp.name","Parameter","est","se","p"
"1",1,"Synechococcus","a",0.047826563694338,4.15902418261135,0.991145829615313
"2",1,"Synechococcus","b",-1.13074236251035,61.2019456039522,0.985775032602582
"3",1,"Synechococcus","tmax",43.3357233048097,126.200062114035,0.741388316311384
"4",1,"Synechococcus","delta_t",10.7592694256962,594.312756161661,0.986061318279567
"5",2,"Kirchneriella_subcapitata","a",0.0518295413525735,8.70406327806609,0.995415061927049
"6",2,"Kirchneriella_subcapitata","b",-1.3795680561198,129.991349222946,0.991828525259933
"7",2,"Kirchneriella_subcapitata","tmax",42.3662573286843,265.954785805353,0.87793236988833
"8",2,"Kirchneriella_subcapitata","delta_t",10.317585097207,1061.34475741379,0.992514947611104
"9",3,"Microcystis_aeruginosa","a",0.093026350403154,0.118232815195158,0.454069944034212
"10",3,"Microcystis_aeruginosa","b",-0.55098376412617,1.68259233091046,0.751723746075965
"11",3,"Microcystis_aeruginosa","tmax",38.0215411095111,8.67328339799664,0.00233700683663121
"12",3,"Microcystis_aeruginosa","delta_t",9.97592650860067,8.63776539245388,0.281452176952659
"13",4,"Pediastrum_boryanum","a",0.0496032075260353,2.94829468855719,0.986988753947996
"14",4,"Pediastrum_boryanum","b",-1.16559086197406,43.9707202103335,0.979501201462713
"15",4,"Pediastrum_boryanum","tmax",41.2435476066757,112.591820745316,0.723631779910882
"16",4,"Pediastrum_boryanum","delta_t",10.5880744037626,361.480319117579,0.977350139114778
"17",5,"Cyclotella_meneghiniana","a",0.115678633913798,0.0344333653112633,0.00993926588711772
"18",5,"Cyclotella_meneghiniana","b",-0.97843050746353,0.679466748854812,0.187828869232345
"19",5,"Cyclotella_meneghiniana","tmax",36.5727525383137,1.41904453962068,5.51068440354031e-09
"20",5,"Cyclotella_meneghiniana","delta_t",8.04831044044024,1.55922420506456,0.000861817655022099
"21",6,"Scenedesmus_acuminatus","a",0.0558811272776906,1.75455658600166,0.975372617441314
"22",6,"Scenedesmus_acuminatus","b",-1.14380456923978,25.7945292176203,0.96571791644114
"23",6,"Scenedesmus_acuminatus","tmax",38.7728028724988,60.9663718127125,0.542557422925795
"24",6,"Scenedesmus_acuminatus","delta_t",9.78972433106403,168.052846919177,0.95497523777837
