"","Sp.id","Sp.name","K.s","r.max","R.jag","R.mth"
"1",1,"Synechococcus",35.2216467090009,0.284723642582551,18.5,19.0672110059007
"2",2,"Kirchneriella_subcapitata",0.208381952025342,0.421493488166699,0.5,0.0648168500126176
"3",3,"Microcystis_aeruginosa",32.2879584111431,0.115962240888777,207,202.277102796037
"4",4,"Pediastrum_boryanum",0.180821661656605,0.345627532032259,0.5,0.0736162026139875
"5",5,"Cyclotella_meneghiniana",0.623084911856039,0.255102226161527,0.5,0.401725318376244
"6",6,"Scenedesmus_acuminatus",0.100038175353596,0.551889270482602,0.5,0.0221377629185041
"7",7,"Chlamydomonas_reinhardtii",13.3782336532745,0.868315133546222,0.5,1.74124302244655
