"","Sp.id","Sp.name","K.s","r.max","R.jag","R.mth"
"1",1,"Synechococcus",60.9245918657639,1.00913323606664,6.5,6.70139309056108
"2",2,"Kirchneriella_subcapitata",11.3998375482388,0.611215948490406,2.5,2.22994559968286
"3",3,"Microcystis_aeruginosa",32.9980049954583,0.330435717504392,12.5,14.3198308633858
"4",4,"Pediastrum_boryanum",47.164085344082,0.658535534259638,8,8.44424077809122
"5",5,"Cyclotella_meneghiniana",25.8979798754866,0.44191109657664,6.5,7.57447773260015
"6",6,"Scenedesmus_acuminatus",29.8482397868364,0.81710871451125,4.5,4.1623033136865
"7",7,"Chlamydomonas_reinhardtii",20.3104006115772,1.10854423836556,2,2.0138333886565
